"url","title","title_len","desc_len","h1_count","schemas","issues"
"/","Visit Bulharsko | Aktuální zprávy z Bulharska","45","134","1","Organization;WebSite",""
"/%d0%bc%d0%b0%d0%b3%d0%b0%d1%82%d0%b0-%d1%84%d0%b5%d1%81%d1%82-sofie-recykluje/","МаГаТа Фест“: Sofie recykluje!: Bulharsko prakticky","51","154","1","Article;BreadcrumbList;ImageObject;ListItem;Organization;Person",""
"/action-aquapark-vodni-svet-plny-zabavy/","Action Aquapark – Vodní svět plný zábavy","40","158","1","Article;BreadcrumbList;ImageObject;ListItem;Organization;Person",""
"/architektonicka-boure-v-sofii/","Architektonická bouře v Sofii: Bulharsko prakticky","50","158","1","Article;BreadcrumbList;ImageObject;ListItem;Organization;Person",""
"/boj-proti-krutosti-na-zviratech/","Boj proti krutosti na zvířatech: Bulharsko prakticky","52","157","1","Article;BreadcrumbList;ImageObject;ListItem;Organization;Person",""
"/bourky-v-bulharsku-21-cervence-2026/","Bouřky v Bulharsku 21. července: Bulharsko prakticky","52","146","1","Article;BreadcrumbList;ImageObject;ListItem;Organization;Person",""
"/boxer-koko-tyson-mel-nehodu/","Boxer Koko Tyson měl nehodu: Bulharsko prakticky","48","150","1","Article;BreadcrumbList;ImageObject;ListItem;Organization;Person",""
"/brutalni-napadeni-v-srdci-sofie/","Brutální napadení v srdci Sofie: Bulharsko prakticky","52","156","1","Article;BreadcrumbList;ImageObject;ListItem;Organization;Person",""
"/brutalni-utok-v-sofii-otrasl-zemi/","Brutální útok v Sofii otřásl zemí: Bulharsko prakticky","54","152","1","Article;BreadcrumbList;ImageObject;ListItem;Organization;Person",""
"/bulharska-unique-estates-miri-do-dubaje/","Bulharská Unique Estates míří do Dubaje","39","141","1","Article;BreadcrumbList;ImageObject;ListItem;Organization;Person",""
"/bulharsko-bez-starosti-co-potrebujete-vedet-o-celnich-a-devizovych-predpisech/","Bulharsko bez starostí: celní a devizové předpisy","49","153","1","Article;BreadcrumbList;ImageObject;ListItem;Organization;Person",""
"/bulharsko-celi-nedostatku-vody/","Bulharsko čelí nedostatku vody: Bulharsko prakticky","51","152","1","Article;BreadcrumbList;ImageObject;ListItem;Organization;Person",""
"/bulharsko-meni-dalnicni-priority/","Bulharsko mění dálniční priority: Bulharsko prakticky","53","158","1","Article;BreadcrumbList;ImageObject;ListItem;Organization;Person",""
"/bulharsko-ocima-parizana-kouzlo-kultury-a-komunikace/","Bulharsko očima Pařížana: Kouzlo kultury a komunikace","53","133","1","Article;BreadcrumbList;ImageObject;ListItem;Organization;Person",""
"/bulharsko-poklad-pro-milovniky-vina/","Bulharsko: Poklad pro milovníky vína","36","153","1","Article;BreadcrumbList;ImageObject;ListItem;Organization;Person",""
"/bulharsko-pomaha-obetem-pozaru/","Bulharsko pomáhá obětem požáru: Bulharsko prakticky","51","152","1","Article;BreadcrumbList;ImageObject;ListItem;Organization;Person",""
"/bulharsko-posiluje-energetickou-nezavislost/","Bulharsko posiluje energetickou nezávislost","43","128","1","Article;BreadcrumbList;ImageObject;ListItem;Organization;Person",""
"/bulharsko-primorsko/","Bulharsko Primorsko – Pláže, Zábava a Dovolená u Černého Moře","61","139","1","Article;BreadcrumbList;ImageObject;ListItem;Organization;Person",""
"/bulharsko-protestuje-za-zvirata/","Bulharsko protestuje za zvířata“: Bulharsko prakticky","53","152","1","Article;BreadcrumbList;ImageObject;ListItem;Organization;Person",""
"/bulharsko-revoluce-ve-zdravotni-peci/","Bulharsko: Revoluce ve zdravotní péči","37","126","1","Article;BreadcrumbList;ImageObject;ListItem;Organization;Person",""
"/bulharsko-se-neleti-z-dvojky/","Cestopis Bulharsko | Visitbulharsko.cz","38","141","1","Article;BreadcrumbList;ImageObject;ListItem;Organization;Person",""
"/bulharsko-tradice-vs-inovace/","Bulharsko: Tradice vs. inovace: Bulharsko prakticky","51","152","1","Article;BreadcrumbList;ImageObject;ListItem;Organization;Person",""
"/bulharsko-trapi-nedostatek-vody/","Bulharsko trápí nedostatek vody: Bulharsko prakticky","52","154","1","Article;BreadcrumbList;ImageObject;ListItem;Organization;Person",""
"/bulharsko-vlna-veder-konec-cervence-2026/","Vlna veder v Bulharsku na konci července","40","130","1","Article;BreadcrumbList;ImageObject;ListItem;Organization;Person",""
"/bulharsko-vs-francie-kouzlo-komunikace/","Bulharsko vs. Francie: kouzlo komunikace","40","156","1","Article;BreadcrumbList;ImageObject;ListItem;Organization;Person",""
"/bulharsko-zasahlo-chladne-pocasi/","Bulharsko zasáhlo chladné počasí!: Bulharsko prakticky","54","158","1","Article;BreadcrumbList;ImageObject;ListItem;Organization;Person",""
"/bulharsko-zprisni-tresty-za-tyrani-zvirat/","Bulharsko zpřísní tresty za týrání zvířat","41","158","1","Article;BreadcrumbList;ImageObject;ListItem;Organization;Person",""
"/bulharsky-jazyk/","Bulharský jazyk: Historie, zvláštnosti a tipy pro cestovatele","61","153","1","Article;BreadcrumbList;ImageObject;ListItem;Organization;Person",""
"/burgas-2025-novy-plaza-mall-laka/","Burgas 2025: Nový Plaza Mall láká!: Bulharsko prakticky","55","126","1","Article;BreadcrumbList;ImageObject;ListItem;Organization;Person",""
"/burgas-klic-k-energeticke-budoucnosti/","Burgas: Klíč k energetické budoucnosti","38","152","1","Article;BreadcrumbList;ImageObject;ListItem;Organization;Person",""
"/burgas-vs-gabrovo-kdo-bude-kulturni-metropoli-2032/","Burgas vs. Gabrovo: Kdo bude kulturní metropolí 2032?","53","137","1","Article;BreadcrumbList;ImageObject;ListItem;Organization;Person",""
"/chytre-zemedelstvi-v-bulharsku-tradice-a-inovace/","Chytré zemědělství v Bulharsku: Tradice a inovace!","50","136","1","Article;BreadcrumbList;ImageObject;ListItem;Organization;Person",""
"/diety-ktere-skodi-misto-pomahaji/","Diety, které škodí místo pomáhají“: Bulharsko prakticky","55","159","1","Article;BreadcrumbList;ImageObject;ListItem;Organization;Person",""
"/do-bulharska-s-pasem-nebo-obcankou/","Do Bulharska s pasem nebo občankou? | Visitbulharsko.cz","55","134","1","Article;BreadcrumbList;ImageObject;ListItem;Organization;Person",""
"/dovolena-bulharsko-2025/","Dovolená v Bulharsku 2025 – Nejlepší tipy, ceny a rady na cestu","63","134","1","Article;BreadcrumbList;ImageObject;ListItem;Organization;Person",""
"/drama-v-sofii-napadeni-strazneho/","Drama v Sofii: Napadení strážného: Bulharsko prakticky","54","155","1","Article;BreadcrumbList;ImageObject;ListItem;Organization;Person",""
"/ekologicky-raj-v-sofii-levna-doprava-a-cistsi-vzduch/","Ekologický ráj v Sofii: Levná doprava a čistší vzduch“","54","144","1","Article;BreadcrumbList;ImageObject;ListItem;Organization;Person",""
"/evropsky-parlament-zprisnuje-bezpecnost-v-sofii/","Evropský parlament zpřísňuje bezpečnost v Sofii","47","130","1","Article;BreadcrumbList;ImageObject;ListItem;Organization;Person",""
"/frankfurt-zima-komplikuje-lety/","Frankfurt: Zima komplikuje lety“: Bulharsko prakticky","53","154","1","Article;BreadcrumbList;ImageObject;ListItem;Organization;Person",""
"/gastronomicka-revoluce-v-sofii/","Gastronomická revoluce v Sofii!: Bulharsko prakticky","52","127","1","Article;BreadcrumbList;ImageObject;ListItem;Organization;Person",""
"/husta-mlha-hali-sofii-zmena-uz-brzy/","Hustá mlha halí Sofii, změna už brzy!","37","156","1","Article;BreadcrumbList;ImageObject;ListItem;Organization;Person",""
"/husta-mlha-na-letisti-v-sofii-jak-pocasi-zamichalo-leteckymi-plany-a-prineslo-dobrodruzstvi-cestujicim/","Hustá mlha na letišti v Sofii: Bulharsko prakticky","50","125","1","Article;BreadcrumbList;ImageObject;ListItem;Organization;Person",""
"/ilyrove-a-thrakove-predchudci-bulharskeho-naroda/","Ilyrové a Thrákové: Předchůdci bulharského národa","49","156","1","Article;BreadcrumbList;ImageObject;ListItem;Organization;Person",""
"/jak-do-nessebaru/","Jak do Nessebaru ze Sunny Beach? | Visitbulharsko.cz","52","139","1","Article;BreadcrumbList;ImageObject;ListItem;Organization;Person","missing_alt_3"
"/jak-si-uzit-bulharsko-i-v-chladu/","Jak si užít Bulharsko i v chladu?: Bulharsko prakticky","54","156","1","Article;BreadcrumbList;ImageObject;ListItem;Organization;Person",""
"/jak-technologie-meni-bulharske-farmy/","Jak technologie mění bulharské farmy“","37","157","1","Article;BreadcrumbList;ImageObject;ListItem;Organization;Person",""
"/kamenny-les-v-ohrozeni-proc/","Kamenný les v ohrožení: proč?: Bulharsko prakticky","50","156","1","Article;BreadcrumbList;ImageObject;ListItem;Organization;Person",""
"/katedrala-svateho-cyrila-a-metodeje-v-burgasu/","Katedrála svatého Cyrila a Metoděje v Burgasu | Visitbulharsko.cz","65","140","1","Article;BreadcrumbList;ImageObject;ListItem;Organization;Person","missing_alt_5"
"/kaufland-expanduje-v-bulharsku/","Kaufland expanduje v Bulharsku!: Bulharsko prakticky","52","157","1","Article;BreadcrumbList;ImageObject;ListItem;Organization;Person",""
"/klubovna-unikatni-chut-sofie/","Klubovna: Unikátní chuť Sofie: Bulharsko prakticky","50","155","1","Article;BreadcrumbList;ImageObject;ListItem;Organization;Person",""
"/kontakt/","Kontakt na Visit Bulharsko","26","134","1","BreadcrumbList;ListItem;WebPage;WebSite","short_title"
"/kosovsky-fotbalista-celi-vyhruzkam/","Kosovský fotbalista čelí výhrůžkám!","35","129","1","Article;BreadcrumbList;ImageObject;ListItem;Organization;Person",""
"/kouzlo-tradicni-bulharske-hudby/","Kouzlo tradiční bulharské hudby: Bulharsko prakticky","52","157","1","Article;BreadcrumbList;ImageObject;ListItem;Organization;Person",""
"/lepsi-lety-do-bulharska-otazka-poplatku/","Lepší lety do Bulharska? Otázka poplatků","40","159","1","Article;BreadcrumbList;ImageObject;ListItem;Organization;Person",""
"/letiste-v-damasku-opet-oziva/","Letiště v Damašku opět ožívá!: Bulharsko prakticky","50","154","1","Article;BreadcrumbList;ImageObject;ListItem;Organization;Person",""
"/letiste-v-damasku-opet-oziva-2/","Letiště v Damašku opět ožívá!: Bulharsko prakticky","50","152","1","Article;BreadcrumbList;ImageObject;ListItem;Organization;Person",""
"/levne-lety-do-bulharska-na-obzoru/","Levné lety do Bulharska na obzoru!: Bulharsko prakticky","55","157","1","Article;BreadcrumbList;ImageObject;ListItem;Organization;Person",""
"/mozne-znovuotevreni-ruskeho-konzulatu-ve-varne/","Možné znovuotevření ruského konzulátu ve Varně","46","126","1","Article;BreadcrumbList;ImageObject;ListItem;Organization;Person",""
"/navrat-kuzmova-zmeny-v-sofii/","Návrat Kuzmova: Změny v Sofii!: Bulharsko prakticky","51","155","1","Article;BreadcrumbList;ImageObject;ListItem;Organization;Person",""
"/nebezpecne-vapovani-v-sofii/","Nebezpečné vapování v Sofii“: Bulharsko prakticky","49","158","1","Article;BreadcrumbList;ImageObject;ListItem;Organization;Person",""
"/nejstarsi-osidleni-bulharska-cesta-k-civilizaci/","Nejstarší osídlení Bulharska: Cesta k civilizaci","48","157","1","Article;BreadcrumbList;ImageObject;ListItem;Organization;Person",""
"/nejstarsi-osidleni-bulharska-od-paleolitu-po-neolit/","Katedrála svatého Cyrila a Metoděje v Burgasu | Visitbulharsko.cz","65","140","1","Article;BreadcrumbList;ImageObject;ListItem;Organization;Person",""
"/nelegalni-naplne-sokuji-bulharsko/","Nelegální náplně šokují Bulharsko: Bulharsko prakticky","54","154","1","Article;BreadcrumbList;ImageObject;ListItem;Organization;Person",""
"/nemovitosti-bulharsko/","Nemovitosti v Bulharsku: apartmány u moře","41","129","1","BreadcrumbList;ListItem;WebPage;WebSite","missing_alt_14"
"/nepriznive-pocasi-komplikuje-lety/","Nepříznivé počasí komplikuje lety: Bulharsko prakticky","54","152","1","Article;BreadcrumbList;ImageObject;ListItem;Organization;Person",""
"/nesebar-muzeum-pod-sirym-nebem/","Nesebar: tip na výlet: Bulharsko prakticky","42","137","1","Article;BreadcrumbList;ImageObject;ListItem;Organization;Person",""
"/nessebar-cernomorska-perla/","Nessebar - Černomořská perla: Bulharsko prakticky","49","132","1","Article;BreadcrumbList;ImageObject;ListItem;Organization;Person",""
"/nocni-doprava-v-sofii-v-ohrozeni/","Noční doprava v Sofii v ohrožení: Bulharsko prakticky","53","158","1","Article;BreadcrumbList;ImageObject;ListItem;Organization;Person",""
"/nova-pravidla-na-letisti-v-sofii/","Nová pravidla na letišti v Sofii: Bulharsko prakticky","53","154","1","Article;BreadcrumbList;ImageObject;ListItem;Organization;Person",""
"/nove-parkovaci-zony-v-sofii-%f0%9f%9a%97/","Nové parkovací zóny v Sofii!: Bulharsko prakticky","49","154","1","Article;BreadcrumbList;ImageObject;ListItem;Organization;Person",""
"/novy-sef-bezpecnejsi-doprava/","Nový šéf, bezpečnější doprava?: Bulharsko prakticky","51","158","1","Article;BreadcrumbList;ImageObject;ListItem;Organization;Person",""
"/o-nas/","O nás: kdo stojí za Visit Bulharsko","35","122","1","BreadcrumbList;ListItem;WebPage;WebSite","short_meta_description;missing_alt_7"
"/oboriste-nova-era-pod-kuzmovem/","Obořiště: Nová éra pod Kuzmovem: Bulharsko prakticky","52","155","1","Article;BreadcrumbList;ImageObject;ListItem;Organization;Person",""
"/ochrana-osobnich-udaju/","Zásady ochrany osobních údajů | Visitbulharsko.cz","49","144","1","BreadcrumbList;ListItem;WebPage;WebSite",""
"/opustene-lazne-sofie-pribeh-znovuzrozeni/","Opuštěné lázně Sofie: Příběh znovuzrození","41","151","1","Article;BreadcrumbList;ImageObject;ListItem;Organization;Person",""
"/oslavy-osvobozeni-sofie-historie-oziva/","Oslavy osvobození Sofie: Historie ožívá!","40","137","1","Article;BreadcrumbList;ImageObject;ListItem;Organization;Person",""
"/parkovani-v-sofii-zdrazi-%f0%9f%9a%97%f0%9f%92%b0/","Parkování v Sofii zdraží!: Bulharsko prakticky","46","150","1","Article;BreadcrumbList;ImageObject;ListItem;Organization;Person",""
"/petrohrad-nahle-uzavreni-letiste/","Petrohrad: Náhlé uzavření letiště: Bulharsko prakticky","54","159","1","Article;BreadcrumbList;ImageObject;ListItem;Organization;Person",""
"/plovdiv-nejstarsi-mesto-evropy/","Plovdiv – Průvodce nejstarším městem Evropy","43","141","1","Article;BreadcrumbList;ImageObject;ListItem;Organization;Person",""
"/pocasi-komplikuje-lety-z-frankfurtu/","Počasí komplikuje lety z Frankfurtu","35","133","1","Article;BreadcrumbList;ImageObject;ListItem;Organization;Person",""
"/pocasi-v-bulharsku-kdy-vyrazit-a-co-ocekavat/","Počasí v Bulharsku: kdy jet a co čekat","38","156","1","Article;BreadcrumbList;ImageObject;ListItem;Organization;Person",""
"/pozar-ochromil-letiste-heathrow/","Požár ochromil letiště Heathrow!: Bulharsko prakticky","53","126","1","Article;BreadcrumbList;ImageObject;ListItem;Organization;Person",""
"/protest-v-sofii-skody-za-180-tis-e/","Protest v Sofii: škody za 180 tis. €","36","155","1","Article;BreadcrumbList;ImageObject;ListItem;Organization;Person",""
"/prozijte-nezapomenutelny-silvestr-v-sofii-mesto-plne-zabavy-a-nocni-dopravy-az-do-rana/","Silvestr v Sofii: aktuálně z Bulharska","38","158","1","Article;BreadcrumbList;ImageObject;ListItem;Organization;Person",""
"/rilsky-klaster-perla-bulharskych-hor/","Rilský klášter – perla bulharských hor","38","129","1","Article;BreadcrumbList;ImageObject;ListItem;Organization;Person",""
"/ruska-ambasada-v-sofii-sila-a-napeti/","Ruská ambasáda v Sofii: Síla a napětí","37","156","1","Article;BreadcrumbList;ImageObject;ListItem;Organization;Person",""
"/ryanair-rozsiruje-lety-do-bulharska/","Ryanair rozšiřuje lety do Bulharska!","36","154","1","Article;BreadcrumbList;ImageObject;ListItem;Organization;Person",""
"/skandal-na-plazi-butamjata/","Skandál na pláži Butamjata!: Bulharsko prakticky","48","154","1","Article;BreadcrumbList;ImageObject;ListItem;Organization;Person",""
"/skandal-na-plazi-butamyata-%f0%9f%8c%8a%f0%9f%8f%96%ef%b8%8f/","Skandál na pláži Butamyata! ️: Bulharsko prakticky","50","152","1","Article;BreadcrumbList;ImageObject;ListItem;Organization;Person",""
"/slunecne-pobrezi-klenot-cerneho-more/","Slunečné pobřeží: Klenot Černého moře","37","137","1","Article;BreadcrumbList;ImageObject;ListItem;Organization;Person",""
"/sofia-big-table-25-cervence-2026/","Sofie chystá Big Table 25. července","35","126","1","Article;BreadcrumbList;ImageObject;ListItem;Organization;Person",""
"/sofia-dokumental-sila-pravdy-ve-filmu/","Sofia DokuMental: Síla pravdy ve filmu","38","151","1","Article;BreadcrumbList;ImageObject;ListItem;Organization;Person",""
"/sofia-slavi-147-let-svobody/","Sofia slaví 147 let svobody!: Bulharsko prakticky","49","150","1","Article;BreadcrumbList;ImageObject;ListItem;Organization;Person",""
"/sofia-slavi-navrat-do-roku-1878/","Sofia slaví: Návrat do roku 1878: Bulharsko prakticky","53","157","1","Article;BreadcrumbList;ImageObject;ListItem;Organization;Person",""
"/sofia-v-mlze-tajemna-atmosfera-mesta/","Sofia v mlze: Tajemná atmosféra města","37","129","1","Article;BreadcrumbList;ImageObject;ListItem;Organization;Person",""
"/sofie-bez-tepla-nouzova-opatreni/","Sofie bez tepla: Nouzová opatření: Bulharsko prakticky","54","153","1","Article;BreadcrumbList;ImageObject;ListItem;Organization;Person",""
"/sofie-bez-tepla-zima-klepe-na-dvere/","Sofie bez tepla: Zima klepe na dveře","36","152","1","Article;BreadcrumbList;ImageObject;ListItem;Organization;Person",""
"/sofie-ekologie-a-moderni-zivot/","Sofie: Ekologie a moderní život: Bulharsko prakticky","52","153","1","Article;BreadcrumbList;ImageObject;ListItem;Organization;Person",""
"/sofie-energeticka-krize-na-vzestupu/","Sofie: Energetická krize na vzestupu","36","126","1","Article;BreadcrumbList;ImageObject;ListItem;Organization;Person",""
"/sofie-historie-kultura-i-vyzvy/","Sofie: Historie, kultura i výzvy: Bulharsko prakticky","53","158","1","Article;BreadcrumbList;ImageObject;ListItem;Organization;Person",""
"/sofie-nove-centrum-ai-v-evrope/","Sofie: Nové centrum AI v Evropě: Bulharsko prakticky","52","157","1","Article;BreadcrumbList;ImageObject;ListItem;Organization;Person",""
"/sok-v-boxu-koko-tyson-v-nemocnici/","Šok v boxu: Koko Tyson v nemocnici: Bulharsko prakticky","55","156","1","Article;BreadcrumbList;ImageObject;ListItem;Organization;Person",""
"/sokujici-utok-v-centru-sofie/","Šokující útok v centru Sofie: Bulharsko prakticky","49","155","1","Article;BreadcrumbList;ImageObject;ListItem;Organization;Person",""
"/soud-ve-varne-spor-o-svobodu-slova/","Soud ve Varně: Spor o svobodu slova","35","151","1","Article;BreadcrumbList;ImageObject;ListItem;Organization;Person",""
"/stefan-dobrev-lider-inovaci-v-evrope/","Stefan Dobrev: líder inovací v Evropě","37","159","1","Article;BreadcrumbList;ImageObject;ListItem;Organization;Person",""
"/strucny-prehled-dejin-bulharska-od-staroveku-po-moderni-dobu/","Stručný přehled dějin Bulharska: od starověku po dnešek","55","152","1","Article;BreadcrumbList;ImageObject;ListItem;Organization;Person",""
"/tajemny-projekt-meni-pobrezi-varny/","Tajemný projekt mění pobřeží Varny: Bulharsko prakticky","55","156","1","Article;BreadcrumbList;ImageObject;ListItem;Organization;Person",""
"/tajemstvi-zapomenutych-lazni-sofie/","Tajemství zapomenutých lázní Sofie: Bulharsko prakticky","55","155","1","Article;BreadcrumbList;ImageObject;ListItem;Organization;Person",""
"/ticha-krize-demokracie-v-evrope-jak-oslabeni-pravniho-statu-ovlivnuje-obcany-i-turisty/","Tichá krize demokracie v Evropě: Jak oslabení právního státu","60","153","1","Article;BreadcrumbList;ImageObject;ListItem;Organization;Person",""
"/tragedie-na-silnicich-v-bulharsku/","Tragédie na silnicích v Bulharsku: Bulharsko prakticky","54","151","1","Article;BreadcrumbList;ImageObject;ListItem;Organization;Person",""
"/tragedie-na-silnicich-v-bulharsku-jak-cestovat-bezpecne/","Tragédie na silnicích v Bulharsku: Jak cestovat bezpečně?","57","150","1","Article;BreadcrumbList;ImageObject;ListItem;Organization;Person",""
"/tragedie-v-sofii-4-zivoty-zmareny/","Tragédie v Sofii: 4 životy zmařeny: Bulharsko prakticky","55","155","1","Article;BreadcrumbList;ImageObject;ListItem;Organization;Person",""
"/tragedie-v-sofii-vybuch-v-lozeneci/","Tragédie v Sofii: Výbuch v Lozeneci","35","151","1","Article;BreadcrumbList;ImageObject;ListItem;Organization;Person",""
"/tragicka-nehoda-otrasla-bulharskem/","Tragická nehoda otřásla Bulharskem: Bulharsko prakticky","55","155","1","Article;BreadcrumbList;ImageObject;ListItem;Organization;Person",""
"/tri-poklady-bulharske-kuchyne-ktere-musite-ochutnat/","Tři poklady bulharské kuchyně: Bulharsko prakticky","50","139","1","Article;BreadcrumbList;ImageObject;ListItem;Organization;Person",""
"/utoky-neustavaji-ropa-i-zivoty/","Útoky neustávají: Ropa i životy: Bulharsko prakticky","52","125","1","Article;BreadcrumbList;ImageObject;ListItem;Organization;Person",""
"/uzavreni-letiste-pulkovo-proc/","Uzavření letiště Pulkovo: Proč?: Bulharsko prakticky","52","127","1","Article;BreadcrumbList;ImageObject;ListItem;Organization;Person",""
"/vidin-bulharsko-tajemne-mesto-na-dunaji/","Vidin, Bulharsko: Tajemné město na Dunaji plné historie a kouzla","64","141","1","Article;BreadcrumbList;ImageObject;ListItem;Organization;Person",""
"/vlna-solidarity-v-srdci-sofie/","Vlna solidarity v srdci Sofie: Bulharsko prakticky","50","158","1","Article;BreadcrumbList;ImageObject;ListItem;Organization;Person",""
"/vtipna-slova-v-bulharstine/","Vtipná slova v bulharštině : Na co si dát pozor v Bulharsku","59","139","1","Article;BreadcrumbList;ImageObject;ListItem;Organization;Person",""
"/vypadek-tepla-v-sofii-co-dal/","Výpadek tepla v Sofii: Co dál?: Bulharsko prakticky","51","153","1","Article;BreadcrumbList;ImageObject;ListItem;Organization;Person",""
"/west-mall-nakupy-zabava-relax/","West Mall: Nákupy, zábava, relax!: Bulharsko prakticky","54","157","1","Article;BreadcrumbList;ImageObject;ListItem;Organization;Person",""
"/zapomenute-lazne-sofie-pribeh/","Zapomenuté lázně Sofie: Příběh: Bulharsko prakticky","51","155","1","Article;BreadcrumbList;ImageObject;ListItem;Organization;Person",""
"/zazitky-z-nuda-plaze/","Zážitky z nuda pláže | Visitbulharsko.cz","40","137","1","Article;BreadcrumbList;ImageObject;ListItem;Organization;Person",""
"/zimni-kouzlo-bulharska-slunce-a-scenerie/","Zimní kouzlo Bulharska: Slunce a scenérie","41","137","1","Article;BreadcrumbList;ImageObject;ListItem;Organization;Person",""
"/zlate-pisky-vase-vstupenka-do-raje-relaxace-a-dobrodruzstvi/","Zlaté písky: pláže, tipy a zážitky: tipy pro cestu","50","159","1","Article;BreadcrumbList;ImageObject;ListItem;Organization;Person",""
"/zona-objeti-na-letisti-sofie/","Zóna objetí“ na letišti Sofie!: Bulharsko prakticky","51","152","1","Article;BreadcrumbList;ImageObject;ListItem;Organization;Person",""
"/zona-pro-objeti-na-letisti-sofie/","Zóna pro objetí“ na letišti Sofie: Bulharsko prakticky","54","155","1","Article;BreadcrumbList;ImageObject;ListItem;Organization;Person",""
"/zona-pro-objeti-novinka-u-t2-sofie/","Zóna pro objetí: Novinka u T2 Sofie","35","125","1","Article;BreadcrumbList;ImageObject;ListItem;Organization;Person",""
"/page/2/","Archiv článků o Bulharsku | Visit Bulharsko","43","138","1","",""
"/category/cestopisy/","Cestopisy z Bulharska a osobní zážitky","38","134","1","",""
"/category/cestovni-pruvodce/","Cestovní průvodce Bulharskem prakticky","38","136","1","",""
"/category/historie-bulharska/","Historie Bulharska srozumitelně","31","129","1","","short_title"
"/category/kultura-a-tradice/","Kultura a tradice Bulharska pro cestovatele","43","128","1","",""
"/category/nejoblibenejsi-destinace/","Nejoblíbenější destinace v Bulharsku","36","129","1","",""
"/category/prakticke-tipy/","Praktické tipy pro dovolenou v Bulharsku","40","134","1","",""
"/category/tipy-na-vylety/","Tipy na výlety v Bulharsku","26","120","1","","short_title;short_meta_description"
"/category/zpravy-bulharsko/","Zpravodajství z Bulharska pro cestovatele","41","136","1","",""
