"url","title_len","desc_len","h1_count","word_count","images","missing_alt","schema_types","schema_errors","canonical","og_image","issues","bytes"
"/","45","122","1","1886","27","0","Organization;WebSite","0","https://visitbulharsko.cz/","https://visitbulharsko.cz/uploads/2023/07/cropped-Visit-Bulharsko-1.png","","51056"
"/%d0%bc%d0%b0%d0%b3%d0%b0%d1%82%d0%b0-%d1%84%d0%b5%d1%81%d1%82-sofie-recykluje/","49","89","1","706","6","0","Article;BreadcrumbList;ImageObject;ListItem;Organization;Person","0","https://visitbulharsko.cz/%d0%bc%d0%b0%d0%b3%d0%b0%d1%82%d0%b0-%d1%84%d0%b5%d1%81%d1%82-sofie-recykluje/","https://visitbulharsko.cz/uploads/2023/07/header-image-2-1.jpg","short_meta_description","18379"
"/action-aquapark-vodni-svet-plny-zabavy/","58","365","1","747","5","0","Article;BreadcrumbList;ImageObject;ListItem;Organization;Person","0","https://visitbulharsko.cz/action-aquapark-vodni-svet-plny-zabavy/","https://visitbulharsko.cz/uploads/2025/01/AdobeStock_277513298-scaled.jpeg","long_meta_description","19729"
"/architektonicka-boure-v-sofii/","51","89","1","658","6","0","Article;BreadcrumbList;ImageObject;ListItem;Organization;Person","0","https://visitbulharsko.cz/architektonicka-boure-v-sofii/","https://visitbulharsko.cz/uploads/2023/07/header-image-2-1.jpg","short_meta_description","17856"
"/boj-proti-krutosti-na-zviratech/","53","74","1","708","6","0","Article;BreadcrumbList;ImageObject;ListItem;Organization;Person","0","https://visitbulharsko.cz/boj-proti-krutosti-na-zviratech/","https://visitbulharsko.cz/uploads/2023/07/header-image-2-1.jpg","short_meta_description","18046"
"/bourky-v-bulharsku-21-cervence-2026/","49","120","1","494","5","0","Article;BreadcrumbList;ImageObject;ListItem;Organization;Person","0","https://visitbulharsko.cz/bourky-v-bulharsku-21-cervence-2026/","https://visitbulharsko.cz/uploads/2023/07/cropped-Visit-Bulharsko-1.png","","16558"
"/boxer-koko-tyson-mel-nehodu/","49","72","1","593","6","0","Article;BreadcrumbList;ImageObject;ListItem;Organization;Person","0","https://visitbulharsko.cz/boxer-koko-tyson-mel-nehodu/","https://visitbulharsko.cz/uploads/2023/07/header-image-2-1.jpg","short_meta_description","17038"
"/brutalni-napadeni-v-srdci-sofie/","51","108","1","719","6","0","Article;BreadcrumbList;ImageObject;ListItem;Organization;Person","0","https://visitbulharsko.cz/brutalni-napadeni-v-srdci-sofie/","https://visitbulharsko.cz/uploads/2023/07/header-image-2-1.jpg","","18458"
"/brutalni-utok-v-sofii-otrasl-zemi/","53","123","1","726","6","0","Article;BreadcrumbList;ImageObject;ListItem;Organization;Person","0","https://visitbulharsko.cz/brutalni-utok-v-sofii-otrasl-zemi/","https://visitbulharsko.cz/uploads/2023/07/header-image-2-1.jpg","","18580"
"/bulharska-unique-estates-miri-do-dubaje/","61","141","1","685","6","0","Article;BreadcrumbList;ImageObject;ListItem;Organization;Person","0","https://visitbulharsko.cz/bulharska-unique-estates-miri-do-dubaje/","https://visitbulharsko.cz/uploads/2023/07/header-image-2-1.jpg","","18411"
"/bulharsko-bez-starosti-co-potrebujete-vedet-o-celnich-a-devizovych-predpisech/","96","368","1","820","6","0","Article;BreadcrumbList;ImageObject;ListItem;Organization;Person","0","https://visitbulharsko.cz/bulharsko-bez-starosti-co-potrebujete-vedet-o-celnich-a-devizovych-predpisech/","https://visitbulharsko.cz/uploads/hermes/bulharsko-bez-starosti-co-potrebujete-vedet-o-celnich-a-devizovych-predpisech.png","long_title;long_meta_description","21408"
"/bulharsko-celi-nedostatku-vody/","48","71","1","605","6","0","Article;BreadcrumbList;ImageObject;ListItem;Organization;Person","0","https://visitbulharsko.cz/bulharsko-celi-nedostatku-vody/","https://visitbulharsko.cz/uploads/2023/07/header-image-2-1.jpg","short_meta_description","17128"
"/bulharsko-meni-dalnicni-priority/","54","75","1","733","6","0","Article;BreadcrumbList;ImageObject;ListItem;Organization;Person","0","https://visitbulharsko.cz/bulharsko-meni-dalnicni-priority/","https://visitbulharsko.cz/uploads/2023/07/header-image-2-1.jpg","short_meta_description","18309"
"/bulharsko-ocima-parizana-kouzlo-kultury-a-komunikace/","73","76","1","796","6","0","Article;BreadcrumbList;ImageObject;ListItem;Organization;Person","0","https://visitbulharsko.cz/bulharsko-ocima-parizana-kouzlo-kultury-a-komunikace/","https://visitbulharsko.cz/uploads/2023/07/header-image-2-1.jpg","long_title;short_meta_description","18982"
"/bulharsko-poklad-pro-milovniky-vina/","56","89","1","774","6","0","Article;BreadcrumbList;ImageObject;ListItem;Organization;Person","0","https://visitbulharsko.cz/bulharsko-poklad-pro-milovniky-vina/","https://visitbulharsko.cz/uploads/2023/07/header-image-2-1.jpg","short_meta_description","18852"
"/bulharsko-pomaha-obetem-pozaru/","52","100","1","596","6","0","Article;BreadcrumbList;ImageObject;ListItem;Organization;Person","0","https://visitbulharsko.cz/bulharsko-pomaha-obetem-pozaru/","https://visitbulharsko.cz/uploads/2023/07/header-image-2-1.jpg","","17418"
"/bulharsko-posiluje-energetickou-nezavislost/","65","82","1","723","6","0","Article;BreadcrumbList;ImageObject;ListItem;Organization;Person","0","https://visitbulharsko.cz/bulharsko-posiluje-energetickou-nezavislost/","https://visitbulharsko.cz/uploads/2023/07/header-image-2-1.jpg","short_meta_description","18237"
"/bulharsko-primorsko/","61","139","1","850","6","0","Article;BreadcrumbList;ImageObject;ListItem;Organization;Person","0","https://visitbulharsko.cz/bulharsko-primorsko/","https://visitbulharsko.cz/uploads/2025/03/bulharsko-primorsko-scaled.webp","","20704"
"/bulharsko-protestuje-za-zvirata/","55","75","1","612","6","0","Article;BreadcrumbList;ImageObject;ListItem;Organization;Person","0","https://visitbulharsko.cz/bulharsko-protestuje-za-zvirata/","https://visitbulharsko.cz/uploads/2023/07/header-image-2-1.jpg","short_meta_description","17403"
"/bulharsko-revoluce-ve-zdravotni-peci/","57","97","1","755","6","0","Article;BreadcrumbList;ImageObject;ListItem;Organization;Person","0","https://visitbulharsko.cz/bulharsko-revoluce-ve-zdravotni-peci/","https://visitbulharsko.cz/uploads/2023/07/header-image-2-1.jpg","short_meta_description","18845"
"/bulharsko-se-neleti-z-dvojky/","38","141","1","1652","10","5","Article;BreadcrumbList;ImageObject;ListItem;Organization;Person","0","https://visitbulharsko.cz/bulharsko-se-neleti-z-dvojky/","https://visitbulharsko.cz/uploads/hermes/bulharsko-se-neleti-z-dvojky.png","missing_alt_5","24400"
"/bulharsko-tradice-vs-inovace/","50","87","1","777","6","0","Article;BreadcrumbList;ImageObject;ListItem;Organization;Person","0","https://visitbulharsko.cz/bulharsko-tradice-vs-inovace/","https://visitbulharsko.cz/uploads/2023/07/header-image-2-1.jpg","short_meta_description","18675"
"/bulharsko-trapi-nedostatek-vody/","53","62","1","714","6","0","Article;BreadcrumbList;ImageObject;ListItem;Organization;Person","0","https://visitbulharsko.cz/bulharsko-trapi-nedostatek-vody/","https://visitbulharsko.cz/uploads/2023/07/header-image-2-1.jpg","short_meta_description","18083"
"/bulharsko-vlna-veder-konec-cervence-2026/","40","130","1","504","5","0","Article;BreadcrumbList;ImageObject;ListItem;Organization;Person","0","https://visitbulharsko.cz/bulharsko-vlna-veder-konec-cervence-2026/","https://visitbulharsko.cz/uploads/2023/07/cropped-Visit-Bulharsko-1.png","","16647"
"/bulharsko-vs-francie-kouzlo-komunikace/","60","77","1","700","6","0","Article;BreadcrumbList;ImageObject;ListItem;Organization;Person","0","https://visitbulharsko.cz/bulharsko-vs-francie-kouzlo-komunikace/","https://visitbulharsko.cz/uploads/2023/07/header-image-2-1.jpg","short_meta_description","18120"
"/bulharsko-zasahlo-chladne-pocasi/","51","64","1","633","6","0","Article;BreadcrumbList;ImageObject;ListItem;Organization;Person","0","https://visitbulharsko.cz/bulharsko-zasahlo-chladne-pocasi/","https://visitbulharsko.cz/uploads/2023/07/header-image-2-1.jpg","short_meta_description","17363"
"/bulharsko-zprisni-tresty-za-tyrani-zvirat/","63","62","1","714","6","0","Article;BreadcrumbList;ImageObject;ListItem;Organization;Person","0","https://visitbulharsko.cz/bulharsko-zprisni-tresty-za-tyrani-zvirat/","https://visitbulharsko.cz/uploads/2023/07/header-image-2-1.jpg","short_meta_description","18140"
"/bulharsky-jazyk/","61","121","1","1095","5","0","Article;BreadcrumbList;ImageObject;ListItem;Organization;Person","0","https://visitbulharsko.cz/bulharsky-jazyk/","https://visitbulharsko.cz/uploads/2025/03/bulharsky-muz-v-klastere.webp","","21450"
"/burgas-2025-novy-plaza-mall-laka/","54","92","1","722","6","0","Article;BreadcrumbList;ImageObject;ListItem;Organization;Person","0","https://visitbulharsko.cz/burgas-2025-novy-plaza-mall-laka/","https://visitbulharsko.cz/uploads/2023/07/header-image-2-1.jpg","short_meta_description","18237"
"/burgas-klic-k-energeticke-budoucnosti/","58","113","1","740","6","0","Article;BreadcrumbList;ImageObject;ListItem;Organization;Person","0","https://visitbulharsko.cz/burgas-klic-k-energeticke-budoucnosti/","https://visitbulharsko.cz/uploads/2023/07/header-image-2-1.jpg","","18692"
"/burgas-vs-gabrovo-kdo-bude-kulturni-metropoli-2032/","75","81","1","656","6","0","Article;BreadcrumbList;ImageObject;ListItem;Organization;Person","0","https://visitbulharsko.cz/burgas-vs-gabrovo-kdo-bude-kulturni-metropoli-2032/","https://visitbulharsko.cz/uploads/2023/07/header-image-2-1.jpg","long_title;short_meta_description","17762"
"/chytre-zemedelstvi-v-bulharsku-tradice-a-inovace/","70","94","1","772","6","0","Article;BreadcrumbList;ImageObject;ListItem;Organization;Person","0","https://visitbulharsko.cz/chytre-zemedelstvi-v-bulharsku-tradice-a-inovace/","https://visitbulharsko.cz/uploads/2023/07/header-image-2-1.jpg","long_title;short_meta_description","18969"
"/diety-ktere-skodi-misto-pomahaji/","53","99","1","809","6","0","Article;BreadcrumbList;ImageObject;ListItem;Organization;Person","0","https://visitbulharsko.cz/diety-ktere-skodi-misto-pomahaji/","https://visitbulharsko.cz/uploads/2023/07/header-image-2-1.jpg","short_meta_description","19114"
"/do-bulharska-s-pasem-nebo-obcankou/","55","134","1","808","11","5","Article;BreadcrumbList;ImageObject;ListItem;Organization;Person","0","https://visitbulharsko.cz/do-bulharska-s-pasem-nebo-obcankou/","https://visitbulharsko.cz/uploads/hermes/do-bulharska-s-pasem-nebo-obcankou.png","missing_alt_5","19841"
"/dovolena-bulharsko-2025/","63","134","1","918","6","0","Article;BreadcrumbList;ImageObject;ListItem;Organization;Person","0","https://visitbulharsko.cz/dovolena-bulharsko-2025/","https://visitbulharsko.cz/uploads/2025/03/dovolena-bulharsko.webp","","20915"
"/drama-v-sofii-napadeni-strazneho/","53","86","1","803","6","0","Article;BreadcrumbList;ImageObject;ListItem;Organization;Person","0","https://visitbulharsko.cz/drama-v-sofii-napadeni-strazneho/","https://visitbulharsko.cz/uploads/2023/07/header-image-2-1.jpg","short_meta_description","18888"
"/ekologicky-raj-v-sofii-levna-doprava-a-cistsi-vzduch/","73","87","1","731","6","0","Article;BreadcrumbList;ImageObject;ListItem;Organization;Person","0","https://visitbulharsko.cz/ekologicky-raj-v-sofii-levna-doprava-a-cistsi-vzduch/","https://visitbulharsko.cz/uploads/2023/07/header-image-2-1.jpg","long_title;short_meta_description","18541"
"/evropsky-parlament-zprisnuje-bezpecnost-v-sofii/","69","80","1","673","6","0","Article;BreadcrumbList;ImageObject;ListItem;Organization;Person","0","https://visitbulharsko.cz/evropsky-parlament-zprisnuje-bezpecnost-v-sofii/","https://visitbulharsko.cz/uploads/2023/07/header-image-2-1.jpg","long_title;short_meta_description","18194"
"/frankfurt-zima-komplikuje-lety/","51","98","1","758","6","0","Article;BreadcrumbList;ImageObject;ListItem;Organization;Person","0","https://visitbulharsko.cz/frankfurt-zima-komplikuje-lety/","https://visitbulharsko.cz/uploads/2023/07/header-image-2-1.jpg","short_meta_description","18502"
"/gastronomicka-revoluce-v-sofii/","53","93","1","725","6","0","Article;BreadcrumbList;ImageObject;ListItem;Organization;Person","0","https://visitbulharsko.cz/gastronomicka-revoluce-v-sofii/","https://visitbulharsko.cz/uploads/2023/07/header-image-2-1.jpg","short_meta_description","18254"
"/husta-mlha-hali-sofii-zmena-uz-brzy/","55","97","1","679","6","0","Article;BreadcrumbList;ImageObject;ListItem;Organization;Person","0","https://visitbulharsko.cz/husta-mlha-hali-sofii-zmena-uz-brzy/","https://visitbulharsko.cz/uploads/2023/07/header-image-2-1.jpg","short_meta_description","17975"
"/husta-mlha-na-letisti-v-sofii-jak-pocasi-zamichalo-leteckymi-plany-a-prineslo-dobrodruzstvi-cestujicim/","47","43","1","647","6","0","Article;BreadcrumbList;ImageObject;ListItem;Organization;Person","0","https://visitbulharsko.cz/husta-mlha-na-letisti-v-sofii-jak-pocasi-zamichalo-leteckymi-plany-a-prineslo-dobrodruzstvi-cestujicim/","https://visitbulharsko.cz/uploads/2023/07/header-image-2-1.jpg","short_meta_description","17689"
"/ilyrove-a-thrakove-predchudci-bulharskeho-naroda/","67","366","1","893","6","0","Article;BreadcrumbList;ImageObject;ListItem;Organization;Person","0","https://visitbulharsko.cz/ilyrove-a-thrakove-predchudci-bulharskeho-naroda/","https://visitbulharsko.cz/uploads/hermes/ilyrove-a-thrakove-predchudci-bulharskeho-naroda.png","long_title;long_meta_description","21660"
"/jak-do-nessebaru/","52","139","1","830","11","5","Article;BreadcrumbList;ImageObject;ListItem;Organization;Person","0","https://visitbulharsko.cz/jak-do-nessebaru/","https://visitbulharsko.cz/uploads/2023/07/Snimek-obrazovky-2024-11-02-230205.png","missing_alt_5","19912"
"/jak-si-uzit-bulharsko-i-v-chladu/","55","68","1","670","6","0","Article;BreadcrumbList;ImageObject;ListItem;Organization;Person","0","https://visitbulharsko.cz/jak-si-uzit-bulharsko-i-v-chladu/","https://visitbulharsko.cz/uploads/2023/07/header-image-2-1.jpg","short_meta_description","17665"
"/jak-technologie-meni-bulharske-farmy/","56","98","1","815","6","0","Article;BreadcrumbList;ImageObject;ListItem;Organization;Person","0","https://visitbulharsko.cz/jak-technologie-meni-bulharske-farmy/","https://visitbulharsko.cz/uploads/2023/07/header-image-2-1.jpg","short_meta_description","19115"
"/kamenny-les-v-ohrozeni-proc/","49","96","1","739","6","0","Article;BreadcrumbList;ImageObject;ListItem;Organization;Person","0","https://visitbulharsko.cz/kamenny-les-v-ohrozeni-proc/","https://visitbulharsko.cz/uploads/2023/07/header-image-2-1.jpg","short_meta_description","18502"
"/katedrala-svateho-cyrila-a-metodeje-v-burgasu/","65","140","1","820","11","5","Article;BreadcrumbList;ImageObject;ListItem;Organization;Person","0","https://visitbulharsko.cz/katedrala-svateho-cyrila-a-metodeje-v-burgasu/","https://visitbulharsko.cz/uploads/2022/09/burgas-aktivity-katedrala.png","missing_alt_5","20808"
"/kaufland-expanduje-v-bulharsku/","53","88","1","653","6","0","Article;BreadcrumbList;ImageObject;ListItem;Organization;Person","0","https://visitbulharsko.cz/kaufland-expanduje-v-bulharsku/","https://visitbulharsko.cz/uploads/2023/07/header-image-2-1.jpg","short_meta_description","17731"
"/klubovna-unikatni-chut-sofie/","51","81","1","788","6","0","Article;BreadcrumbList;ImageObject;ListItem;Organization;Person","0","https://visitbulharsko.cz/klubovna-unikatni-chut-sofie/","https://visitbulharsko.cz/uploads/2023/07/header-image-2-1.jpg","short_meta_description","18654"
"/kontakt/","25","402","2","388","3","0","BreadcrumbList;ListItem","0","https://visitbulharsko.cz/kontakt/","https://visitbulharsko.cz/uploads/2023/07/header-image-2-1.jpg","h1_count_2;long_meta_description","30405"
"/kosovsky-fotbalista-celi-vyhruzkam/","53","95","1","807","6","0","Article;BreadcrumbList;ImageObject;ListItem;Organization;Person","0","https://visitbulharsko.cz/kosovsky-fotbalista-celi-vyhruzkam/","https://visitbulharsko.cz/uploads/2023/07/header-image-2-1.jpg","short_meta_description","18991"
"/kouzlo-tradicni-bulharske-hudby/","49","112","1","768","5","0","Article;BreadcrumbList;ImageObject;ListItem;Organization;Person","0","https://visitbulharsko.cz/kouzlo-tradicni-bulharske-hudby/","https://visitbulharsko.cz/uploads/hermes/kouzlo-tradicni-bulharske-hudby.png","","18131"
"/lepsi-lety-do-bulharska-otazka-poplatku/","62","71","1","758","6","0","Article;BreadcrumbList;ImageObject;ListItem;Organization;Person","0","https://visitbulharsko.cz/lepsi-lety-do-bulharska-otazka-poplatku/","https://visitbulharsko.cz/uploads/2023/07/header-image-2-1.jpg","short_meta_description","18527"
"/letiste-v-damasku-opet-oziva/","49","90","1","881","6","0","Article;BreadcrumbList;ImageObject;ListItem;Organization;Person","0","https://visitbulharsko.cz/letiste-v-damasku-opet-oziva/","https://visitbulharsko.cz/uploads/2023/07/header-image-2-1.jpg","short_meta_description","19322"
"/letiste-v-damasku-opet-oziva-2/","49","81","1","729","6","0","Article;BreadcrumbList;ImageObject;ListItem;Organization;Person","0","https://visitbulharsko.cz/letiste-v-damasku-opet-oziva-2/","https://visitbulharsko.cz/uploads/2023/07/header-image-2-1.jpg","short_meta_description","18369"
"/levne-lety-do-bulharska-na-obzoru/","56","62","1","678","6","0","Article;BreadcrumbList;ImageObject;ListItem;Organization;Person","0","https://visitbulharsko.cz/levne-lety-do-bulharska-na-obzoru/","https://visitbulharsko.cz/uploads/2023/07/header-image-2-1.jpg","short_meta_description","17658"
"/mozne-znovuotevreni-ruskeho-konzulatu-ve-varne/","64","81","1","620","6","0","Article;BreadcrumbList;ImageObject;ListItem;Organization;Person","0","https://visitbulharsko.cz/mozne-znovuotevreni-ruskeho-konzulatu-ve-varne/","https://visitbulharsko.cz/uploads/2023/07/header-image-2-1.jpg","short_meta_description","17582"
"/navrat-kuzmova-zmeny-v-sofii/","52","64","1","678","6","0","Article;BreadcrumbList;ImageObject;ListItem;Organization;Person","0","https://visitbulharsko.cz/navrat-kuzmova-zmeny-v-sofii/","https://visitbulharsko.cz/uploads/2023/07/header-image-2-1.jpg","short_meta_description","17741"
"/nebezpecne-vapovani-v-sofii/","47","82","1","729","6","0","Article;BreadcrumbList;ImageObject;ListItem;Organization;Person","0","https://visitbulharsko.cz/nebezpecne-vapovani-v-sofii/","https://visitbulharsko.cz/uploads/2023/07/header-image-2-1.jpg","short_meta_description","18506"
"/nejstarsi-osidleni-bulharska-cesta-k-civilizaci/","66","373","1","824","6","0","Article;BreadcrumbList;ImageObject;ListItem;Organization;Person","0","https://visitbulharsko.cz/nejstarsi-osidleni-bulharska-cesta-k-civilizaci/","https://visitbulharsko.cz/uploads/hermes/nejstarsi-osidleni-bulharska-cesta-k-civilizaci.png","long_title;long_meta_description","20857"
"/nejstarsi-osidleni-bulharska-od-paleolitu-po-neolit/","65","140","1","871","6","0","Article;BreadcrumbList;ImageObject;ListItem;Organization;Person","0","https://visitbulharsko.cz/nejstarsi-osidleni-bulharska-od-paleolitu-po-neolit/","https://visitbulharsko.cz/uploads/2024/12/Glyptodon_old_drawing.jpg","","20045"
"/nelegalni-naplne-sokuji-bulharsko/","53","106","1","742","6","0","Article;BreadcrumbList;ImageObject;ListItem;Organization;Person","0","https://visitbulharsko.cz/nelegalni-naplne-sokuji-bulharsko/","https://visitbulharsko.cz/uploads/2023/07/header-image-2-1.jpg","","18639"
"/nemovitosti-bulharsko/","47","335","2","524","18","15","BreadcrumbList;ListItem","0","https://visitbulharsko.cz/nemovitosti-bulharsko/","https://visitbulharsko.cz/uploads/2023/07/header-image-2-1.jpg","h1_count_2;long_meta_description;missing_alt_15;article_missing_schema","35804"
"/nepriznive-pocasi-komplikuje-lety/","51","113","1","706","6","0","Article;BreadcrumbList;ImageObject;ListItem;Organization;Person","0","https://visitbulharsko.cz/nepriznive-pocasi-komplikuje-lety/","https://visitbulharsko.cz/uploads/2023/07/header-image-2-1.jpg","","18212"
"/nesebar-muzeum-pod-sirym-nebem/","25","137","1","1430","5","0","Article;BreadcrumbList;ImageObject;ListItem;Organization;Person","0","https://visitbulharsko.cz/nesebar-muzeum-pod-sirym-nebem/","https://visitbulharsko.cz/uploads/2025/01/AdobeStock_255935471-scaled.jpeg","","24280"
"/nessebar-cernomorska-perla/","46","132","1","904","6","0","Article;BreadcrumbList;ImageObject;ListItem;Organization;Person","0","https://visitbulharsko.cz/nessebar-cernomorska-perla/","https://visitbulharsko.cz/uploads/2025/01/nessebar.jpeg","","20764"
"/nocni-doprava-v-sofii-v-ohrozeni/","50","86","1","701","6","0","Article;BreadcrumbList;ImageObject;ListItem;Organization;Person","0","https://visitbulharsko.cz/nocni-doprava-v-sofii-v-ohrozeni/","https://visitbulharsko.cz/uploads/2023/07/header-image-2-1.jpg","short_meta_description","17989"
"/nova-pravidla-na-letisti-v-sofii/","52","69","1","820","6","0","Article;BreadcrumbList;ImageObject;ListItem;Organization;Person","0","https://visitbulharsko.cz/nova-pravidla-na-letisti-v-sofii/","https://visitbulharsko.cz/uploads/2023/07/header-image-2-1.jpg","short_meta_description","18855"
"/nove-parkovaci-zony-v-sofii-%f0%9f%9a%97/","48","71","1","731","6","0","Article;BreadcrumbList;ImageObject;ListItem;Organization;Person","0","https://visitbulharsko.cz/nove-parkovaci-zony-v-sofii-%f0%9f%9a%97/","https://visitbulharsko.cz/uploads/2023/07/header-image-2-1.jpg","short_meta_description","18063"
"/novy-sef-bezpecnejsi-doprava/","52","87","1","710","6","0","Article;BreadcrumbList;ImageObject;ListItem;Organization;Person","0","https://visitbulharsko.cz/novy-sef-bezpecnejsi-doprava/","https://visitbulharsko.cz/uploads/2023/07/header-image-2-1.jpg","short_meta_description","18259"
"/o-nas/","23","399","2","438","10","7","BreadcrumbList;ListItem","0","https://visitbulharsko.cz/o-nas/","https://visitbulharsko.cz/uploads/2023/07/header-image-2-1.jpg","h1_count_2;short_title;long_meta_description;missing_alt_7","28660"
"/oboriste-nova-era-pod-kuzmovem/","53","90","1","730","6","0","Article;BreadcrumbList;ImageObject;ListItem;Organization;Person","0","https://visitbulharsko.cz/oboriste-nova-era-pod-kuzmovem/","https://visitbulharsko.cz/uploads/2023/07/header-image-2-1.jpg","short_meta_description","18238"
"/ochrana-osobnich-udaju/","49","144","1","763","3","0","BreadcrumbList;ListItem","0","https://visitbulharsko.cz/ochrana-osobnich-udaju/","https://visitbulharsko.cz/uploads/2023/07/header-image-2-1.jpg","","15528"
"/opustene-lazne-sofie-pribeh-znovuzrozeni/","61","82","1","709","6","0","Article;BreadcrumbList;ImageObject;ListItem;Organization;Person","0","https://visitbulharsko.cz/opustene-lazne-sofie-pribeh-znovuzrozeni/","https://visitbulharsko.cz/uploads/2023/07/header-image-2-1.jpg","short_meta_description","18206"
"/oslavy-osvobozeni-sofie-historie-oziva/","58","106","1","730","6","0","Article;BreadcrumbList;ImageObject;ListItem;Organization;Person","0","https://visitbulharsko.cz/oslavy-osvobozeni-sofie-historie-oziva/","https://visitbulharsko.cz/uploads/2023/07/header-image-2-1.jpg","","18452"
"/parkovani-v-sofii-zdrazi-%f0%9f%9a%97%f0%9f%92%b0/","46","67","1","672","6","0","Article;BreadcrumbList;ImageObject;ListItem;Organization;Person","0","https://visitbulharsko.cz/parkovani-v-sofii-zdrazi-%f0%9f%9a%97%f0%9f%92%b0/","https://visitbulharsko.cz/uploads/2023/07/header-image-2-1.jpg","short_meta_description","17900"
"/petrohrad-nahle-uzavreni-letiste/","53","101","1","708","6","0","Article;BreadcrumbList;ImageObject;ListItem;Organization;Person","0","https://visitbulharsko.cz/petrohrad-nahle-uzavreni-letiste/","https://visitbulharsko.cz/uploads/2023/07/header-image-2-1.jpg","","18252"
"/plovdiv-nejstarsi-mesto-evropy/","61","141","1","907","6","0","Article;BreadcrumbList;ImageObject;ListItem;Organization;Person","0","https://visitbulharsko.cz/plovdiv-nejstarsi-mesto-evropy/","https://visitbulharsko.cz/uploads/2025/03/plovdiv-pohled-1-scaled.webp","","21121"
"/pocasi-komplikuje-lety-z-frankfurtu/","55","94","1","700","6","0","Article;BreadcrumbList;ImageObject;ListItem;Organization;Person","0","https://visitbulharsko.cz/pocasi-komplikuje-lety-z-frankfurtu/","https://visitbulharsko.cz/uploads/2023/07/header-image-2-1.jpg","short_meta_description","18210"
"/pocasi-v-bulharsku-kdy-vyrazit-a-co-ocekavat/","64","360","1","806","4","0","Article;BreadcrumbList;ImageObject;ListItem;Organization;Person","0","https://visitbulharsko.cz/pocasi-v-bulharsku-kdy-vyrazit-a-co-ocekavat/","https://visitbulharsko.cz/uploads/hermes/pocasi-v-bulharsku-kdy-vyrazit-a-co-ocekavat.png","long_meta_description","19315"
"/pozar-ochromil-letiste-heathrow/","54","91","1","622","6","0","Article;BreadcrumbList;ImageObject;ListItem;Organization;Person","0","https://visitbulharsko.cz/pozar-ochromil-letiste-heathrow/","https://visitbulharsko.cz/uploads/2023/07/header-image-2-1.jpg","short_meta_description","17525"
"/protest-v-sofii-skody-za-180-tis-e/","58","64","1","644","6","0","Article;BreadcrumbList;ImageObject;ListItem;Organization;Person","0","https://visitbulharsko.cz/protest-v-sofii-skody-za-180-tis-e/","https://visitbulharsko.cz/uploads/2023/07/header-image-2-1.jpg","short_meta_description","17562"
"/prozijte-nezapomenutelny-silvestr-v-sofii-mesto-plne-zabavy-a-nocni-dopravy-az-do-rana/","34","32","1","744","6","0","Article;BreadcrumbList;ImageObject;ListItem;Organization;Person","0","https://visitbulharsko.cz/prozijte-nezapomenutelny-silvestr-v-sofii-mesto-plne-zabavy-a-nocni-dopravy-az-do-rana/","https://visitbulharsko.cz/uploads/2023/07/header-image-2-1.jpg","short_meta_description","18123"
"/rilsky-klaster-perla-bulharskych-hor/","56","391","1","873","5","0","Article;BreadcrumbList;ImageObject;ListItem;Organization;Person","0","https://visitbulharsko.cz/rilsky-klaster-perla-bulharskych-hor/","https://visitbulharsko.cz/uploads/2025/01/Rila_Monastery-scaled.jpg","long_meta_description","20563"
"/ruska-ambasada-v-sofii-sila-a-napeti/","59","87","1","719","6","0","Article;BreadcrumbList;ImageObject;ListItem;Organization;Person","0","https://visitbulharsko.cz/ruska-ambasada-v-sofii-sila-a-napeti/","https://visitbulharsko.cz/uploads/2023/07/header-image-2-1.jpg","short_meta_description","18270"
"/ryanair-rozsiruje-lety-do-bulharska/","58","77","1","736","6","0","Article;BreadcrumbList;ImageObject;ListItem;Organization;Person","0","https://visitbulharsko.cz/ryanair-rozsiruje-lety-do-bulharska/","https://visitbulharsko.cz/uploads/2023/07/header-image-2-1.jpg","short_meta_description","18265"
"/skandal-na-plazi-butamjata/","49","89","1","672","6","0","Article;BreadcrumbList;ImageObject;ListItem;Organization;Person","0","https://visitbulharsko.cz/skandal-na-plazi-butamjata/","https://visitbulharsko.cz/uploads/2023/07/header-image-2-1.jpg","short_meta_description","17902"
"/skandal-na-plazi-butamyata-%f0%9f%8c%8a%f0%9f%8f%96%ef%b8%8f/","53","79","1","773","6","0","Article;BreadcrumbList;ImageObject;ListItem;Organization;Person","0","https://visitbulharsko.cz/skandal-na-plazi-butamyata-%f0%9f%8c%8a%f0%9f%8f%96%ef%b8%8f/","https://visitbulharsko.cz/uploads/2023/07/header-image-2-1.jpg","short_meta_description","18896"
"/slunecne-pobrezi-klenot-cerneho-more/","55","373","1","925","6","0","Article;BreadcrumbList;ImageObject;ListItem;Organization;Person","0","https://visitbulharsko.cz/slunecne-pobrezi-klenot-cerneho-more/","https://visitbulharsko.cz/uploads/2024/10/sunny-beach.jpeg","long_meta_description","21467"
"/sofia-big-table-25-cervence-2026/","53","126","1","490","5","0","Article;BreadcrumbList;ImageObject;ListItem;Organization;Person","0","https://visitbulharsko.cz/sofia-big-table-25-cervence-2026/","https://visitbulharsko.cz/uploads/2023/07/cropped-Visit-Bulharsko-1.png","","16444"
"/sofia-dokumental-sila-pravdy-ve-filmu/","60","82","1","675","6","0","Article;BreadcrumbList;ImageObject;ListItem;Organization;Person","0","https://visitbulharsko.cz/sofia-dokumental-sila-pravdy-ve-filmu/","https://visitbulharsko.cz/uploads/2023/07/header-image-2-1.jpg","short_meta_description","17902"
"/sofia-slavi-147-let-svobody/","48","78","1","684","6","0","Article;BreadcrumbList;ImageObject;ListItem;Organization;Person","0","https://visitbulharsko.cz/sofia-slavi-147-let-svobody/","https://visitbulharsko.cz/uploads/2023/07/header-image-2-1.jpg","short_meta_description","17900"
"/sofia-slavi-navrat-do-roku-1878/","52","84","1","685","6","0","Article;BreadcrumbList;ImageObject;ListItem;Organization;Person","0","https://visitbulharsko.cz/sofia-slavi-navrat-do-roku-1878/","https://visitbulharsko.cz/uploads/2023/07/header-image-2-1.jpg","short_meta_description","18092"
"/sofia-v-mlze-tajemna-atmosfera-mesta/","57","88","1","733","6","0","Article;BreadcrumbList;ImageObject;ListItem;Organization;Person","0","https://visitbulharsko.cz/sofia-v-mlze-tajemna-atmosfera-mesta/","https://visitbulharsko.cz/uploads/2023/07/header-image-2-1.jpg","short_meta_description","18333"
"/sofie-bez-tepla-nouzova-opatreni/","51","79","1","715","6","0","Article;BreadcrumbList;ImageObject;ListItem;Organization;Person","0","https://visitbulharsko.cz/sofie-bez-tepla-nouzova-opatreni/","https://visitbulharsko.cz/uploads/2023/07/header-image-2-1.jpg","short_meta_description","18111"
"/sofie-bez-tepla-zima-klepe-na-dvere/","56","80","1","717","6","0","Article;BreadcrumbList;ImageObject;ListItem;Organization;Person","0","https://visitbulharsko.cz/sofie-bez-tepla-zima-klepe-na-dvere/","https://visitbulharsko.cz/uploads/2023/07/header-image-2-1.jpg","short_meta_description","18275"
"/sofie-ekologie-a-moderni-zivot/","51","81","1","769","6","0","Article;BreadcrumbList;ImageObject;ListItem;Organization;Person","0","https://visitbulharsko.cz/sofie-ekologie-a-moderni-zivot/","https://visitbulharsko.cz/uploads/2023/07/header-image-2-1.jpg","short_meta_description","18637"
"/sofie-energeticka-krize-na-vzestupu/","56","98","1","763","6","0","Article;BreadcrumbList;ImageObject;ListItem;Organization;Person","0","https://visitbulharsko.cz/sofie-energeticka-krize-na-vzestupu/","https://visitbulharsko.cz/uploads/2023/07/header-image-2-1.jpg","short_meta_description","18709"
"/sofie-historie-kultura-i-vyzvy/","52","74","1","708","6","0","Article;BreadcrumbList;ImageObject;ListItem;Organization;Person","0","https://visitbulharsko.cz/sofie-historie-kultura-i-vyzvy/","https://visitbulharsko.cz/uploads/2023/07/header-image-2-1.jpg","short_meta_description","18012"
"/sofie-nove-centrum-ai-v-evrope/","53","85","1","643","6","0","Article;BreadcrumbList;ImageObject;ListItem;Organization;Person","0","https://visitbulharsko.cz/sofie-nove-centrum-ai-v-evrope/","https://visitbulharsko.cz/uploads/2023/07/header-image-2-1.jpg","short_meta_description","17570"
"/sok-v-boxu-koko-tyson-v-nemocnici/","56","71","1","626","6","0","Article;BreadcrumbList;ImageObject;ListItem;Organization;Person","0","https://visitbulharsko.cz/sok-v-boxu-koko-tyson-v-nemocnici/","https://visitbulharsko.cz/uploads/2023/07/header-image-2-1.jpg","short_meta_description","17263"
"/sokujici-utok-v-centru-sofie/","48","85","1","702","6","0","Article;BreadcrumbList;ImageObject;ListItem;Organization;Person","0","https://visitbulharsko.cz/sokujici-utok-v-centru-sofie/","https://visitbulharsko.cz/uploads/2023/07/header-image-2-1.jpg","short_meta_description","18163"
"/soud-ve-varne-spor-o-svobodu-slova/","55","78","1","681","6","0","Article;BreadcrumbList;ImageObject;ListItem;Organization;Person","0","https://visitbulharsko.cz/soud-ve-varne-spor-o-svobodu-slova/","https://visitbulharsko.cz/uploads/2023/07/header-image-2-1.jpg","short_meta_description","18096"
"/stefan-dobrev-lider-inovaci-v-evrope/","59","70","1","637","6","0","Article;BreadcrumbList;ImageObject;ListItem;Organization;Person","0","https://visitbulharsko.cz/stefan-dobrev-lider-inovaci-v-evrope/","https://visitbulharsko.cz/uploads/2023/07/header-image-2-1.jpg","short_meta_description","17414"
"/strucny-prehled-dejin-bulharska-od-staroveku-po-moderni-dobu/","79","374","1","787","6","0","Article;BreadcrumbList;ImageObject;ListItem;Organization;Person","0","https://visitbulharsko.cz/strucny-prehled-dejin-bulharska-od-staroveku-po-moderni-dobu/","https://visitbulharsko.cz/uploads/hermes/strucny-prehled-dejin-bulharska-od-staroveku-po-moderni-dobu.png","long_title;long_meta_description","20622"
"/tajemny-projekt-meni-pobrezi-varny/","56","77","1","729","6","0","Article;BreadcrumbList;ImageObject;ListItem;Organization;Person","0","https://visitbulharsko.cz/tajemny-projekt-meni-pobrezi-varny/","https://visitbulharsko.cz/uploads/2023/07/header-image-2-1.jpg","short_meta_description","18305"
"/tajemstvi-zapomenutych-lazni-sofie/","54","77","1","382","6","0","Article;BreadcrumbList;ImageObject;ListItem;Organization;Person","0","https://visitbulharsko.cz/tajemstvi-zapomenutych-lazni-sofie/","https://visitbulharsko.cz/uploads/2023/07/header-image-2-1.jpg","short_meta_description","15638"
"/ticha-krize-demokracie-v-evrope-jak-oslabeni-pravniho-statu-ovlivnuje-obcany-i-turisty/","110","28","1","695","6","0","Article;BreadcrumbList;ImageObject;ListItem;Organization;Person","0","https://visitbulharsko.cz/ticha-krize-demokracie-v-evrope-jak-oslabeni-pravniho-statu-ovlivnuje-obcany-i-turisty/","https://visitbulharsko.cz/uploads/2023/07/header-image-2-1.jpg","long_title;short_meta_description","18265"
"/tragedie-na-silnicich-v-bulharsku/","51","103","1","756","6","0","Article;BreadcrumbList;ImageObject;ListItem;Organization;Person","0","https://visitbulharsko.cz/tragedie-na-silnicich-v-bulharsku/","https://visitbulharsko.cz/uploads/2023/07/header-image-2-1.jpg","","18517"
"/tragedie-na-silnicich-v-bulharsku-jak-cestovat-bezpecne/","75","121","1","803","6","0","Article;BreadcrumbList;ImageObject;ListItem;Organization;Person","0","https://visitbulharsko.cz/tragedie-na-silnicich-v-bulharsku-jak-cestovat-bezpecne/","https://visitbulharsko.cz/uploads/2023/07/header-image-2-1.jpg","long_title","19122"
"/tragedie-v-sofii-4-zivoty-zmareny/","54","132","1","384","6","0","Article;BreadcrumbList;ImageObject;ListItem;Organization;Person","0","https://visitbulharsko.cz/tragedie-v-sofii-4-zivoty-zmareny/","https://visitbulharsko.cz/uploads/2023/07/header-image-2-1.jpg","","15887"
"/tragedie-v-sofii-vybuch-v-lozeneci/","55","78","1","766","6","0","Article;BreadcrumbList;ImageObject;ListItem;Organization;Person","0","https://visitbulharsko.cz/tragedie-v-sofii-vybuch-v-lozeneci/","https://visitbulharsko.cz/uploads/2023/07/header-image-2-1.jpg","short_meta_description","18473"
"/tragicka-nehoda-otrasla-bulharskem/","52","80","1","641","6","0","Article;BreadcrumbList;ImageObject;ListItem;Organization;Person","0","https://visitbulharsko.cz/tragicka-nehoda-otrasla-bulharskem/","https://visitbulharsko.cz/uploads/2023/07/header-image-2-1.jpg","short_meta_description","17532"
"/tri-poklady-bulharske-kuchyne-ktere-musite-ochutnat/","47","139","1","855","5","0","Article;BreadcrumbList;ImageObject;ListItem;Organization;Person","0","https://visitbulharsko.cz/tri-poklady-bulharske-kuchyne-ktere-musite-ochutnat/","https://visitbulharsko.cz/uploads/2025/01/Banitsa-recipe-og-1-1.webp","","19037"
"/utoky-neustavaji-ropa-i-zivoty/","51","102","1","841","6","0","Article;BreadcrumbList;ImageObject;ListItem;Organization;Person","0","https://visitbulharsko.cz/utoky-neustavaji-ropa-i-zivoty/","https://visitbulharsko.cz/uploads/2023/07/header-image-2-1.jpg","","19240"
"/uzavreni-letiste-pulkovo-proc/","51","104","1","726","6","0","Article;BreadcrumbList;ImageObject;ListItem;Organization;Person","0","https://visitbulharsko.cz/uzavreni-letiste-pulkovo-proc/","https://visitbulharsko.cz/uploads/2023/07/header-image-2-1.jpg","","18474"
"/vidin-bulharsko-tajemne-mesto-na-dunaji/","64","141","1","895","5","0","Article;BreadcrumbList;ImageObject;ListItem;Organization;Person","0","https://visitbulharsko.cz/vidin-bulharsko-tajemne-mesto-na-dunaji/","https://visitbulharsko.cz/uploads/2025/03/vidin-synagoga-scaled.webp","","18775"
"/vlna-solidarity-v-srdci-sofie/","51","77","1","662","6","0","Article;BreadcrumbList;ImageObject;ListItem;Organization;Person","0","https://visitbulharsko.cz/vlna-solidarity-v-srdci-sofie/","https://visitbulharsko.cz/uploads/2023/07/header-image-2-1.jpg","short_meta_description","17633"
"/vtipna-slova-v-bulharstine/","59","139","1","1141","6","0","Article;BreadcrumbList;ImageObject;ListItem;Organization;Person","0","https://visitbulharsko.cz/vtipna-slova-v-bulharstine/","https://visitbulharsko.cz/uploads/2025/03/smejici-se-lide-scaled.webp","","23152"
"/vypadek-tepla-v-sofii-co-dal/","48","105","1","768","6","0","Article;BreadcrumbList;ImageObject;ListItem;Organization;Person","0","https://visitbulharsko.cz/vypadek-tepla-v-sofii-co-dal/","https://visitbulharsko.cz/uploads/2023/07/header-image-2-1.jpg","","18642"
"/west-mall-nakupy-zabava-relax/","55","69","1","715","6","0","Article;BreadcrumbList;ImageObject;ListItem;Organization;Person","0","https://visitbulharsko.cz/west-mall-nakupy-zabava-relax/","https://visitbulharsko.cz/uploads/2023/07/header-image-2-1.jpg","short_meta_description","18041"
"/zapomenute-lazne-sofie-pribeh/","50","63","1","742","6","0","Article;BreadcrumbList;ImageObject;ListItem;Organization;Person","0","https://visitbulharsko.cz/zapomenute-lazne-sofie-pribeh/","https://visitbulharsko.cz/uploads/2023/07/header-image-2-1.jpg","short_meta_description","18292"
"/zazitky-z-nuda-plaze/","40","137","1","914","10","5","Article;BreadcrumbList;ImageObject;ListItem;Organization;Person","0","https://visitbulharsko.cz/zazitky-z-nuda-plaze/","https://visitbulharsko.cz/uploads/hermes/zazitky-z-nuda-plaze.png","missing_alt_5","19285"
"/zimni-kouzlo-bulharska-slunce-a-scenerie/","61","96","1","724","6","0","Article;BreadcrumbList;ImageObject;ListItem;Organization;Person","0","https://visitbulharsko.cz/zimni-kouzlo-bulharska-slunce-a-scenerie/","https://visitbulharsko.cz/uploads/2023/07/header-image-2-1.jpg","short_meta_description","18360"
"/zlate-pisky-vase-vstupenka-do-raje-relaxace-a-dobrodruzstvi/","78","374","1","764","6","0","Article;BreadcrumbList;ImageObject;ListItem;Organization;Person","0","https://visitbulharsko.cz/zlate-pisky-vase-vstupenka-do-raje-relaxace-a-dobrodruzstvi/","https://visitbulharsko.cz/uploads/2025/01/AdobeStock_163952053-scaled.jpeg","long_title;long_meta_description","20652"
"/zona-objeti-na-letisti-sofie/","49","77","1","770","6","0","Article;BreadcrumbList;ImageObject;ListItem;Organization;Person","0","https://visitbulharsko.cz/zona-objeti-na-letisti-sofie/","https://visitbulharsko.cz/uploads/2023/07/header-image-2-1.jpg","short_meta_description","18463"
"/zona-pro-objeti-na-letisti-sofie/","52","139","1","774","6","0","Article;BreadcrumbList;ImageObject;ListItem;Organization;Person","0","https://visitbulharsko.cz/zona-pro-objeti-na-letisti-sofie/","https://visitbulharsko.cz/uploads/2023/07/header-image-2-1.jpg","","18985"
"/zona-pro-objeti-novinka-u-t2-sofie/","55","98","1","790","6","0","Article;BreadcrumbList;ImageObject;ListItem;Organization;Person","0","https://visitbulharsko.cz/zona-pro-objeti-novinka-u-t2-sofie/","https://visitbulharsko.cz/uploads/2023/07/header-image-2-1.jpg","short_meta_description","18902"
"/page/2/","31","29","1","1516","50","0","","0","https://visitbulharsko.cz/page/2/","https://visitbulharsko.cz/uploads/2023/07/cropped-Visit-Bulharsko-1.png","short_meta_description","56453"
"/category/cestopisy/","27","201","1","356","5","0","","0","https://visitbulharsko.cz/category/cestopisy/","https://visitbulharsko.cz/uploads/2023/07/cropped-Visit-Bulharsko-1.png","long_meta_description","13952"
"/category/cestovni-pruvodce/","35","160","1","296","4","0","","0","https://visitbulharsko.cz/category/cestovni-pruvodce/","https://visitbulharsko.cz/uploads/2023/07/cropped-Visit-Bulharsko-1.png","thin_content","12889"
"/category/historie-bulharska/","36","120","1","500","7","0","","0","https://visitbulharsko.cz/category/historie-bulharska/","https://visitbulharsko.cz/uploads/2023/07/cropped-Visit-Bulharsko-1.png","","16647"
"/category/kultura-a-tradice/","35","142","1","362","5","0","","0","https://visitbulharsko.cz/category/kultura-a-tradice/","https://visitbulharsko.cz/uploads/2023/07/cropped-Visit-Bulharsko-1.png","","14035"
"/category/nejoblibenejsi-destinace/","42","174","1","495","7","0","","0","https://visitbulharsko.cz/category/nejoblibenejsi-destinace/","https://visitbulharsko.cz/uploads/2023/07/cropped-Visit-Bulharsko-1.png","long_meta_description","16844"
"/category/prakticke-tipy/","32","124","1","506","7","0","","0","https://visitbulharsko.cz/category/prakticke-tipy/","https://visitbulharsko.cz/uploads/2023/07/cropped-Visit-Bulharsko-1.png","","16516"
"/category/tipy-na-vylety/","32","142","1","362","5","0","","0","https://visitbulharsko.cz/category/tipy-na-vylety/","https://visitbulharsko.cz/uploads/2023/07/cropped-Visit-Bulharsko-1.png","","13861"
"/category/zpravy-bulharsko/","31","134","1","2562","101","0","","0","https://visitbulharsko.cz/category/zpravy-bulharsko/","https://visitbulharsko.cz/uploads/2023/07/cropped-Visit-Bulharsko-1.png","","105263"
